{"stats":{"minecraft:used":{"minecraft:stone_sword":12,"minecraft:stone_pickaxe":9,"minecraft:wooden_pickaxe":10,"minecraft:wooden_shovel":12,"minecraft:cooked_chicken":1,"minecraft:dirt":3,"minecraft:crafting_table":2,"minecraft:furnace":1},"minecraft:picked_up":{"minecraft:birch_log":7,"minecraft:feather":3,"minecraft:chicken":2,"minecraft:porkchop":4,"minecraft:oak_log":3,"minecraft:dirt":18,"minecraft:beef":1,"minecraft:cobblestone":15},"minecraft:killed":{"minecraft:pig":2,"minecraft:chicken":2,"minecraft:cow":1},"minecraft:custom":{"minecraft:time_since_rest":8188,"minecraft:interact_with_furnace":3,"minecraft:sprint_one_cm":31887,"minecraft:damage_taken":90,"minecraft:walk_one_cm":18861,"minecraft:mob_kills":6,"minecraft:damage_dealt":530,"minecraft:swim_one_cm":369,"minecraft:interact_with_crafting_table":4,"minecraft:fly_one_cm":26334,"minecraft:open_chest":1,"minecraft:play_time":8188,"minecraft:walk_under_water_one_cm":114,"minecraft:jump":124,"minecraft:leave_game":2,"minecraft:time_since_death":8188,"minecraft:walk_on_water_one_cm":138,"minecraft:total_world_time":8188,"minecraft:fall_one_cm":2930},"minecraft:mined":{"minecraft:birch_log":7,"minecraft:birch_leaves":1,"minecraft:grass_block":6,"minecraft:oak_log":3,"minecraft:dirt":12,"minecraft:stone":15,"minecraft:oak_leaves":1},"minecraft:crafted":{"minecraft:wooden_shovel":1,"minecraft:crafting_table":2,"minecraft:stick":8,"minecraft:cooked_chicken":2,"minecraft:wooden_pickaxe":1,"minecraft:stone_pickaxe":1,"minecraft:stone_sword":1,"minecraft:furnace":1,"minecraft:birch_planks":28,"minecraft:air":0}},"DataVersion":3953}